<?xml version="1.0" encoding="UTF-8"?>
<metadata modelVersion="1.1.0">
  <groupId>com.kayakwise</groupId>
  <artifactId>jGray-log-common</artifactId>
  <version>2.0.0-SNAPSHOT</version>
  <versioning>
    <snapshot>
      <timestamp>20190725.082700</timestamp>
      <buildNumber>4</buildNumber>
    </snapshot>
    <lastUpdated>20190725082700</lastUpdated>
    <snapshotVersions>
      <snapshotVersion>
        <extension>jar</extension>
        <value>2.0.0-20190725.082700-4</value>
        <updated>20190725082700</updated>
      </snapshotVersion>
      <snapshotVersion>
        <extension>pom</extension>
        <value>2.0.0-20190725.082700-4</value>
        <updated>20190725082700</updated>
      </snapshotVersion>
      <snapshotVersion>
        <classifier>sources</classifier>
        <extension>jar</extension>
        <value>2.0.0-20190725.082700-4</value>
        <updated>20190725082700</updated>
      </snapshotVersion>
    </snapshotVersions>
  </versioning>
</metadata>
