<?xml version="1.0" encoding="UTF-8"?>
<metadata modelVersion="1.1.0">
  <groupId>com.kayakwise</groupId>
  <artifactId>jGray-log-common</artifactId>
  <version>2.0.0-SNAPSHOT</version>
  <versioning>
    <snapshot>
      <localCopy>true</localCopy>
    </snapshot>
    <lastUpdated>20190725082659</lastUpdated>
    <snapshotVersions>
      <snapshotVersion>
        <classifier>sources</classifier>
        <extension>jar</extension>
        <value>2.0.0-SNAPSHOT</value>
        <updated>20190725082659</updated>
      </snapshotVersion>
      <snapshotVersion>
        <extension>jar</extension>
        <value>2.0.0-SNAPSHOT</value>
        <updated>20190725082659</updated>
      </snapshotVersion>
      <snapshotVersion>
        <extension>pom</extension>
        <value>2.0.0-SNAPSHOT</value>
        <updated>20190725082659</updated>
      </snapshotVersion>
    </snapshotVersions>
  </versioning>
</metadata>
