<?xml version="1.0" encoding="UTF-8"?>
<metadata modelVersion="1.1.0">
  <groupId>com.kayakwise</groupId>
  <artifactId>jGray-log-common</artifactId>
  <version>2.0.1-SNAPSHOT</version>
  <versioning>
    <snapshot>
      <timestamp>20190726.074435</timestamp>
      <buildNumber>1</buildNumber>
    </snapshot>
    <lastUpdated>20190726074435</lastUpdated>
    <snapshotVersions>
      <snapshotVersion>
        <extension>jar</extension>
        <value>2.0.1-20190726.074435-1</value>
        <updated>20190726074435</updated>
      </snapshotVersion>
      <snapshotVersion>
        <extension>pom</extension>
        <value>2.0.1-20190726.074435-1</value>
        <updated>20190726074435</updated>
      </snapshotVersion>
      <snapshotVersion>
        <classifier>sources</classifier>
        <extension>jar</extension>
        <value>2.0.1-20190726.074435-1</value>
        <updated>20190726074435</updated>
      </snapshotVersion>
    </snapshotVersions>
  </versioning>
</metadata>
